carriers,costs,total_levelised_cost
water_to_hpB,monetary,2.0278884477053367
water_to_hpA,monetary,1.9916096382435875
waterB,monetary,1.4851077364035952
water_to_hpC,monetary,0.49008306114921785
power,monetary,0.05824052495779353
waterA,monetary,1.7518719394933226
waterE,monetary,inf
waterC,monetary,0.49008306114923855
waterD,monetary,0.29675465512831894
